p,scaler,runtime,speedup
1,0.112,0.134,0.835820896
2,0.112,0.101,1.108910891
3,0.112,0.085,1.317647059
4,0.112,0.062,1.806451613
5,0.112,0.063,1.777777778
6,0.112,0.053,2.113207547
7,0.112,0.057,1.964912281
8,0.112,0.054,2.074074074
